City_ID,City,Lat,Lng,Max Temp,Humidity,Cloudiness,Wind Speed,Country,Date
0,grytviken,-54.2811,-36.5092,-1.05,82,16,4.45,GS,1695762221
1,olonkinbyen,70.9221,-8.7187,4.0,82,67,6.98,SJ,1695762220
2,adamstown,-25.066,-130.1015,20.98,70,70,7.54,PN,1695762220
3,uturoa,-16.7333,-151.4333,25.81,78,42,6.77,PF,1695762283
4,lagoa,39.05,-27.9833,20.67,73,100,9.11,PT,1695762283
5,manokwari,-0.8667,134.0833,25.86,82,100,2.08,ID,1695762283
6,kasongo-lunda,-6.4667,16.8167,24.4,84,80,1.29,CD,1695762284
7,constantia,44.1833,28.65,20.39,69,14,7.92,RO,1695762284
8,island harbour,50.724,-1.2758,17.74,92,83,0.45,GB,1695762284
9,bredasdorp,-34.5322,20.0403,12.63,79,78,0.67,ZA,1695762240
10,waitangi,-43.9535,-176.5597,13.79,97,100,4.02,NZ,1695762211
11,arys,42.4252,68.795,17.12,34,5,2.23,KZ,1695762284
12,avarua,-21.2078,-159.775,25.03,65,40,6.69,CK,1695762232
13,yellowknife,62.456,-114.3525,9.12,100,100,6.69,CA,1695762055
14,port-aux-francais,-49.35,70.2167,1.89,81,96,17.71,TF,1695762212
15,iqaluit,63.7506,-68.5145,4.85,80,100,3.09,CA,1695762237
16,constitucion,-35.3333,-72.4167,11.63,73,0,13.16,CL,1695762032
17,albany,42.6001,-73.9662,18.65,62,100,2.98,US,1695762027
18,ust-nera,64.5667,143.2,0.24,93,87,3.36,RU,1695762286
19,lihue,21.9789,-159.3672,28.77,65,0,7.72,US,1695762286
20,chonchi,-42.6128,-73.8092,9.51,85,100,3.3,CL,1695762137
21,botshabelo,-29.2702,26.7052,8.65,61,2,9.34,ZA,1695762286
22,ilulissat,69.2167,-51.1,-0.99,69,40,6.17,GL,1695762230
23,kruisfontein,-34.0033,24.7314,13.27,79,99,4.57,ZA,1695762286
24,faro,37.0194,-7.9322,22.2,83,0,2.57,PT,1695762287
25,klyuchi,52.2667,79.1667,4.86,75,4,3.38,RU,1695762207
26,hawaiian paradise park,19.5933,-154.9731,25.73,85,100,6.17,US,1695762287
27,tsiombe,-25.3,45.4833,23.49,61,71,2.11,MG,1695762287
28,saipan,15.1355,145.701,27.39,89,75,3.09,MP,1695762224
29,callao,-12.0667,-77.15,20.16,73,100,3.6,PE,1695762288
30,williams lake,52.1415,-122.1445,18.36,44,75,7.2,CA,1695762133
31,ushuaia,-54.8,-68.3,5.79,81,75,10.8,AR,1695762123
32,novobod,39.0108,70.1508,12.66,40,2,0.28,TJ,1695762288
33,iskateley,67.6803,53.1512,9.53,95,100,5.86,RU,1695762288
34,edinburgh of the seven seas,-37.0676,-12.3116,13.28,75,0,8.6,SH,1695762209
35,mont-dore,-22.2833,166.5833,22.22,99,42,3.41,NC,1695762009
36,tamanrasset,22.785,5.5228,28.95,11,0,6.17,DZ,1695762289
37,bonab,37.3404,46.0561,17.6,46,63,5.23,IR,1695762290
38,st. john's,47.5649,-52.7093,10.44,84,100,9.39,CA,1695761999
39,papatowai,-46.5619,169.4708,7.73,86,99,2.78,NZ,1695762228
40,krasnoshchekovo,51.6708,82.7289,1.33,74,0,1.1,RU,1695762290
41,isafjordur,66.0755,-23.124,4.97,97,100,15.07,IS,1695762235
42,cabinda,-5.55,12.2,25.08,83,75,1.54,AO,1695762291
43,greymouth,-42.4667,171.2,8.21,71,100,2.53,NZ,1695762291
44,namibe,-15.1961,12.1522,18.44,86,83,0.92,AO,1695762291
45,lata,40.1629,-8.3327,18.84,78,58,0.72,PT,1695762292
46,keflavik,64.0049,-22.5624,11.95,66,75,8.75,IS,1695762292
47,port mathurin,-19.6833,63.4167,22.79,66,1,9.47,MU,1695762232
48,thongwa,16.7619,96.5278,26.09,95,100,2.62,MM,1695762292
49,brisas de zicatela,15.8369,-97.0419,31.29,51,20,1.54,MX,1695762292
50,vorgashor,67.5833,63.95,1.76,82,96,2.25,RU,1695762293
51,blackmans bay,-43.0167,147.3167,5.85,92,52,1.45,AU,1695762208
52,puerto ayora,-0.7393,-90.3518,29.98,88,72,4.02,EC,1695762223
53,capitao poco,-1.7464,-47.0594,31.59,47,71,4.37,BR,1695762293
54,bethel,41.3712,-73.414,17.55,71,96,0.89,US,1695762151
55,lavrio,37.7145,24.0565,25.77,74,4,2.24,GR,1695762294
56,pangai,-19.8,-174.35,26.06,69,20,4.63,TO,1695762294
57,ola,59.5833,151.2833,4.74,71,85,2.84,RU,1695762294
58,west island,-12.1568,96.8225,25.99,83,100,4.12,CC,1695762236
59,puerto natales,-51.7236,-72.4875,10.25,57,100,6.17,CL,1695762214
60,basiawan,6.5342,125.4869,24.69,86,42,4.33,PH,1695762295
61,behompy,-23.2496,43.8557,21.04,95,58,1.27,MG,1695762295
62,cidreira,-30.1811,-50.2056,18.12,97,100,6.76,BR,1695762160
63,mana,5.6592,-53.7767,28.74,76,83,4.87,GF,1695762295
64,necochea,-38.5473,-58.7368,8.7,90,100,4.92,AR,1695762296
65,saint-joseph,-21.3667,55.6167,19.21,75,10,4.62,RE,1695762296
66,dudinka,69.4058,86.1778,1.46,98,100,6.51,RU,1695762217
67,longyearbyen,78.2186,15.6401,-7.09,79,20,1.03,SJ,1695762213
68,carnarvon,-24.8667,113.6333,21.7,43,0,3.16,AU,1695762231
69,vila franca do campo,37.7167,-25.4333,23.82,99,96,6.39,PT,1695762243
70,lerwick,60.1545,-1.1494,13.0,89,90,4.53,GB,1695762200
71,utrik,11.2278,169.8474,28.46,77,100,7.05,MH,1695762297
72,talnakh,69.4865,88.3972,1.23,98,100,3.92,RU,1695762297
73,jamestown,42.097,-79.2353,16.97,75,100,3.6,US,1695762137
74,lorengau,-2.0226,147.2712,24.3,95,100,0.63,PG,1695762298
75,mandalgovi,45.7625,106.2708,1.78,41,0,4.15,MN,1695762298
76,thompson,55.7435,-97.8558,22.09,53,40,3.6,CA,1695762045
77,atafu village,-8.5421,-172.5159,28.19,72,42,2.64,TK,1695762215
78,punta arenas,-53.15,-70.9167,8.01,68,75,6.17,CL,1695762018
79,kassala,15.451,36.4,27.55,52,100,3.77,SD,1695762298
80,kharp,66.8014,65.8081,5.19,94,100,0.57,RU,1695762299
81,hermanus,-34.4187,19.2345,12.84,80,0,4.6,ZA,1695762299
82,prejmer,45.7167,25.7667,16.44,78,2,0.76,RO,1695762299
83,isla vista,34.4133,-119.861,33.89,52,0,4.12,US,1695762299
84,college,64.8569,-147.8028,9.56,65,20,0.0,US,1695762044
85,qusmuryn,52.4503,64.6311,12.83,78,6,3.98,KZ,1695762300
86,georgetown,5.4112,100.3354,24.99,97,20,1.03,MY,1695762089
87,fale old settlement,-9.3852,-171.2468,27.61,79,95,4.47,TK,1695762212
88,bereznik,62.8551,42.7072,11.94,81,100,3.64,RU,1695762300
89,parapat,2.663,98.9349,19.6,92,100,1.78,ID,1695762300
90,vershino-darasunskiy,52.35,115.5167,5.91,88,100,4.61,RU,1695762301
91,anadyr,64.75,177.4833,3.28,93,75,1.0,RU,1695762216
92,santa elena de uairen,4.6167,-61.1333,28.48,49,46,3.43,VE,1695762230
93,nadi,-17.8,177.4167,26.0,78,75,3.6,FJ,1695762303
94,broome,42.2506,-75.833,18.51,74,0,3.6,US,1695762303
95,marte,12.3611,13.8246,30.68,33,2,2.8,NG,1695762304
96,aksu,41.1231,80.2644,16.05,39,29,2.21,CN,1695762031
97,tolanaro,-25.0319,46.9987,23.04,78,20,8.23,MG,1695762239
98,kailua-kona,19.6406,-155.9956,30.15,67,40,5.14,US,1695762305
99,port blair,11.6667,92.75,26.02,89,75,1.54,IN,1695762217
100,tura,25.5198,90.2201,23.22,94,15,0.98,IN,1695762222
101,blackwell,36.8045,-97.2828,35.27,19,0,2.57,US,1695762307
102,westport,41.1415,-73.3579,18.12,73,0,4.12,US,1695762190
103,rio grande,-32.035,-52.0986,15.06,92,100,9.74,BR,1695762115
104,flying fish cove,-10.4217,105.6791,23.82,83,100,5.66,CX,1695762231
105,stanley,54.868,-1.6985,13.36,85,20,1.54,GB,1695762232
106,srivardhan,18.0333,73.0167,26.5,89,100,3.34,IN,1695762308
107,wenling,28.3669,121.36,23.42,92,2,2.61,CN,1695762309
108,verdal,63.7933,11.4817,15.02,74,0,1.74,NO,1695762309
109,tiksi,71.6872,128.8694,-1.25,74,95,10.53,RU,1695762218
110,plouzane,48.3833,-4.6167,17.1,100,100,4.12,FR,1695762259
111,ylitornio,66.3089,23.6773,10.44,81,49,3.88,FI,1695762310
112,xining,36.6167,101.7667,9.36,81,100,0.43,CN,1695762018
113,boa vista,2.8197,-60.6733,35.99,36,75,3.09,BR,1695762191
114,khilok,51.3674,110.4676,4.89,98,98,2.04,RU,1695762311
115,jinan,36.6683,116.9972,16.6,81,4,0.95,CN,1695762311
116,greenville,35.6127,-77.3663,24.09,78,75,6.17,US,1695762141
117,semey,50.4111,80.2275,4.96,63,61,1.09,KZ,1695762312
118,cooma,-36.2333,149.1333,9.3,90,93,0.92,AU,1695762313
119,port lincoln,-34.7333,135.8667,12.84,70,73,5.84,AU,1695762223
120,zheleznogorsk,52.331,35.3711,12.29,73,50,3.09,RU,1695762313
121,lebu,-37.6167,-73.65,10.16,63,4,6.71,CL,1695762219
122,timmins,48.4669,-81.3331,18.9,37,20,3.6,CA,1695762033
123,aykhal,66.0,111.5,1.03,79,100,7.04,RU,1695762314
124,taos,36.4072,-105.5731,27.21,21,0,4.12,US,1695762108
125,tindouf,27.6711,-8.1474,33.25,14,0,5.14,DZ,1695762314
126,oranjemund,-28.55,16.4333,13.78,87,0,6.43,NA,1695762314
127,alice springs,-23.7,133.8833,13.75,41,4,3.09,AU,1695762315
128,nosy varika,-20.5833,48.5333,19.63,90,16,1.95,MG,1695762315
129,kodiak,57.79,-152.4072,11.73,43,0,4.12,US,1695762315
130,sao felix do xingu,-6.6447,-51.995,35.36,28,78,0.78,BR,1695762039
131,black point,-34.6187,137.8972,13.23,73,89,6.23,AU,1695762316
132,san luis de la loma,17.2706,-100.8939,30.68,72,26,2.99,MX,1695762316
133,whitehorse,60.7161,-135.0538,5.57,89,100,1.54,CA,1695762215
134,jayapura,-2.5333,140.7,24.66,93,100,2.3,ID,1695762317
135,ferentino,41.6953,13.2564,21.05,40,0,2.36,IT,1695762317
136,polyarnyy,69.1989,33.4478,9.61,92,94,5.81,RU,1695762317
137,la sarre,48.8002,-79.1996,18.77,40,0,2.91,CA,1695762160
138,qaqortoq,60.7167,-46.0333,3.63,57,0,0.93,GL,1695762318
139,coronel suarez,-37.4547,-61.9334,11.22,86,53,4.73,AR,1695762028
140,lincheng,19.9078,109.6858,26.26,90,86,6.07,CN,1695762318
141,hasaki,35.7333,140.8333,22.38,86,44,0.48,JP,1695762318
142,hamilton,39.1834,-84.5333,29.13,54,40,4.63,US,1695762218
143,bucerias,20.75,-105.3333,33.32,74,40,3.09,MX,1695762267
144,lompoc,34.6391,-120.4579,33.77,62,0,10.29,US,1695762052
145,tanumah,27.1,44.1333,29.12,12,0,4.87,SA,1695762319
146,reggane,26.7158,0.1714,36.24,11,1,2.68,DZ,1695762320
147,mgandu,-5.95,34.1333,22.98,37,42,3.28,TZ,1695762320
148,soio,-6.1349,12.3689,23.6,86,26,3.21,AO,1695762320
149,nelson bay,-32.7167,152.15,18.33,98,29,2.68,AU,1695762321
150,tionk essil,12.7856,-16.5217,28.03,87,75,2.65,SN,1695762321
151,jamaame,0.0697,42.745,24.8,85,100,4.57,SO,1695762322
152,uvinza,-5.1036,30.3911,25.46,47,81,1.38,TZ,1695762322
153,lupane,-18.9315,27.807,23.0,36,80,0.91,ZW,1695762322
154,badger,64.8,-147.5333,9.52,69,28,0.68,US,1695762209
155,quellon,-43.1167,-73.6167,8.31,82,100,6.68,CL,1695762322
156,mount darwin,-16.7725,31.5838,21.99,43,4,1.37,ZW,1695762323
157,lhasa,29.65,91.1,9.16,68,9,1.55,CN,1695762323
158,togur,58.3631,82.8265,3.41,81,7,4.25,RU,1695762323
159,katsuren-haebaru,26.3369,127.8719,27.01,88,10,3.96,JP,1695762324
160,luwingu,-10.2621,29.9271,22.22,32,6,1.23,ZM,1695762324
161,kachug,53.9606,105.8817,6.37,94,7,1.24,RU,1695762324
162,kavaratti,10.5669,72.642,28.48,75,100,5.69,IN,1695762214
163,dzhambeyty,50.2536,52.595,17.32,60,0,3.71,KZ,1695762235
164,kuanda,56.3161,116.0806,6.01,86,42,1.09,RU,1695762324
165,revda,56.801,59.9303,6.05,92,55,1.55,RU,1695762325
166,saint-pierre,-21.3393,55.4781,19.82,64,0,3.09,RE,1695762325
167,port alfred,-33.5906,26.891,13.43,91,100,1.79,ZA,1695762218
168,sumoto,34.35,134.9,25.02,96,6,3.36,JP,1695762326
169,weno,7.4515,151.8468,28.97,84,75,3.09,FM,1695762326
170,bardai,11.65,7.2333,26.41,57,93,1.24,NG,1695762326
171,invercargill,-46.4,168.35,7.79,81,35,2.24,NZ,1695762043
172,kenai,60.5544,-151.2583,10.64,55,0,0.0,US,1695762327
173,tralee,52.2704,-9.7026,10.18,93,94,2.33,IE,1695762327
174,kone,-21.0595,164.8658,20.1,59,53,1.88,NC,1695762327
175,tagab,34.855,69.6492,18.01,42,0,1.34,AF,1695762328
176,kajaani,64.2273,27.7285,12.03,87,75,3.09,FI,1695762049
177,shendi,16.6915,33.4341,34.96,34,57,3.8,SD,1695762328
178,camana,-16.6228,-72.7111,19.41,76,79,4.41,PE,1695762328
179,port-vila,-17.7338,168.3219,23.78,60,20,4.63,VU,1695762329
180,kharabali,47.4196,47.2568,16.59,40,2,1.29,RU,1695762329
181,yeed,4.55,43.0333,26.02,60,17,8.34,SO,1695762329
182,happy valley-goose bay,53.3168,-60.3315,11.17,76,100,1.54,CA,1695762226
183,nemuro,43.3236,145.575,16.38,90,96,0.02,JP,1695762227
184,ebon,4.582,168.6964,28.95,76,100,5.87,MH,1695762330
185,matoury,4.8483,-52.3317,28.98,79,0,1.54,GF,1695762330
186,sinabang,2.4803,96.3801,25.77,81,72,3.06,ID,1695762330
187,kabarnet,0.4919,35.743,14.12,88,90,1.81,KE,1695762330
188,port elizabeth,-33.918,25.5701,15.17,69,40,3.6,ZA,1695762210
189,saldanha,-33.0117,17.9442,13.03,84,0,6.37,ZA,1695762331
190,margaret river,-33.95,115.0667,11.28,68,0,3.41,AU,1695762210
191,tazacorte,28.629,-17.9293,24.54,94,75,4.63,ES,1695762245
192,kokpekty,48.75,82.4,3.5,71,1,2.18,KZ,1695762332
193,juneau,58.3019,-134.4197,11.17,97,100,0.0,US,1695762332
194,tuy hoa,13.0833,109.3,25.32,87,93,3.62,VN,1695762332
195,jaguaribe,-5.8906,-38.6219,33.28,31,18,4.33,BR,1695762332
196,sur,22.5667,59.5289,27.1,60,100,3.15,OM,1695762333
197,dunedin,-45.8742,170.5036,8.78,76,100,1.34,NZ,1695762333
198,susuman,62.7833,148.1667,-4.13,85,62,0.73,RU,1695762333
199,east london,-33.0153,27.9116,14.51,77,100,10.23,ZA,1695762241
200,la'ie,21.6477,-157.9253,28.98,71,28,2.68,US,1695762333
201,mertoyudan,-7.52,110.2264,18.9,92,93,0.5,ID,1695762334
202,al kharijah,25.4514,30.5464,29.33,19,0,3.54,EG,1695762334
203,oltinko'l,40.8011,72.1634,18.08,25,0,1.78,UZ,1695762335
204,aasiaat,68.7098,-52.8699,-2.43,80,96,5.31,GL,1695762238
205,meulaboh,4.1363,96.1285,25.14,87,97,2.27,ID,1695762335
206,derzhavinsk,51.1,66.3167,15.03,76,87,6.18,KZ,1695762335
207,kapuskasing,49.4169,-82.4331,21.05,37,20,3.09,CA,1695762122
208,san bartolo,19.1833,-100.05,21.27,44,17,0.49,MX,1695762336
209,nadym,65.5333,72.5167,3.41,86,100,2.99,RU,1695762336
210,banda aceh,5.5577,95.3222,26.07,82,100,6.69,ID,1695762336
211,san sebastian de la gomera,28.0916,-17.1133,27.87,83,20,3.09,ES,1695762337
212,iglino,54.8324,56.4126,7.05,79,17,1.94,RU,1695762337
213,mili,6.0815,171.735,28.98,74,79,6.68,MH,1695762337
214,toliara,-23.35,43.6667,22.39,90,64,1.87,MG,1695762338
215,sao gabriel da cachoeira,-0.1303,-67.0892,31.7,60,75,0.83,BR,1695762338
216,yuncheng,35.0231,110.9928,17.26,92,100,0.79,CN,1695762338
217,atamyrat,37.8357,65.2106,18.24,27,12,2.43,TM,1695762338
218,chateaubelair,13.2833,-61.25,29.29,74,20,3.09,VC,1695762338
219,hithadhoo,-0.6,73.0833,27.65,78,9,6.28,MV,1695762241
220,mejit,10.2753,170.8646,27.73,81,100,8.38,MH,1695762339
221,olean,42.0776,-78.4297,15.32,76,100,4.12,US,1695762055
222,fajardo,18.3258,-65.6524,32.1,80,20,4.12,PR,1695762339
223,barakani,-12.1356,44.4317,24.65,77,0,3.74,KM,1695762340
224,dali,25.7,100.1833,15.69,89,1,0.47,CN,1695762340
225,malmberget,67.1753,20.6549,11.31,66,100,6.17,SE,1695762341
226,timimoun,29.2639,0.231,35.21,9,0,1.03,DZ,1695762222
227,iaciara,-14.0958,-46.6317,34.32,20,78,1.68,BR,1695762339
228,shibetsu,43.659,145.132,14.97,93,49,0.73,JP,1695762098
229,menongue,-14.6585,17.691,18.99,20,8,1.69,AO,1695762342
230,roudnice nad labem,50.4253,14.2618,19.78,100,34,1.7,CZ,1695762342
231,kirakira,-10.4544,161.9205,26.78,76,92,6.83,SB,1695762342
232,minas de marcona,-15.2119,-75.1103,15.11,73,69,9.36,PE,1695762342
233,rumoi,43.9344,141.6428,15.25,93,51,2.24,JP,1695762342
234,tejen,37.3834,60.5054,19.96,27,51,3.4,TM,1695762343
235,antofagasta,-23.65,-70.4,16.6,77,16,6.08,CL,1695762343
236,coahuayana de hidalgo,18.7,-103.6583,32.31,65,72,2.93,MX,1695762343
237,kidal,18.4411,1.4078,34.9,11,3,1.54,ML,1695762343
238,road town,18.4167,-64.6167,31.05,66,20,3.09,VG,1695762344
239,mizhou,35.9947,119.3975,17.24,85,8,0.74,CN,1695762344
240,cuito,-12.3833,16.9333,18.59,42,48,2.35,AO,1695762344
241,puerto aysen,-45.4,-72.7,4.71,99,100,2.66,CL,1695762344
242,tselinnoye,53.0833,85.6667,2.17,86,2,0.84,RU,1695762345
243,howrah,22.5892,88.3103,28.0,89,40,2.06,IN,1695762345
244,warrnambool,-38.3833,142.4833,10.64,71,92,4.73,AU,1695762345
245,sitka,57.0531,-135.33,11.48,89,100,4.23,US,1695762217
246,show low,34.2542,-110.0298,28.38,16,0,6.17,US,1695762346
247,ancud,-41.8697,-73.8203,8.92,75,100,7.56,CL,1695762153
248,egilsstadir,65.2653,-14.3948,6.95,93,100,5.66,IS,1695762346
249,newport,51.5877,-2.9984,15.06,87,76,3.35,GB,1695762346
250,tenno,39.9,139.9667,19.89,85,100,1.94,JP,1695762346
251,nova vicosa,-17.8919,-39.3719,25.36,80,89,7.07,BR,1695762347
252,pangody,65.85,74.4859,2.56,84,83,3.6,RU,1695762347
253,sharypovo,55.5403,89.2008,2.47,90,13,2.2,RU,1695762347
254,strezhevoy,60.7333,77.5889,8.87,91,100,4.47,RU,1695762347
255,cabo san lucas,22.8909,-109.9124,37.01,68,1,3.39,MX,1695762181
256,sinan,34.8262,126.1086,22.06,86,11,4.36,KR,1695762347
257,nanao,37.05,136.9667,23.99,94,100,3.75,JP,1695762348
258,hutchinson,38.0608,-97.9298,34.73,23,0,7.2,US,1695762325
259,arteche,12.2645,125.4048,24.91,91,6,2.88,PH,1695762348
260,ajuchitlan,20.7167,-100.0167,26.66,26,14,8.61,MX,1695762348
261,brandon,27.9378,-82.2859,31.1,75,40,4.12,US,1695762183
262,kuldiga,56.974,21.9572,15.83,73,100,2.64,LV,1695762350
263,vilyuchinsk,52.9306,158.4028,4.15,77,10,3.91,RU,1695762351
264,chibougamau,49.9168,-74.3659,15.79,41,0,0.0,CA,1695762162
265,bamboo flat,11.7,92.7167,26.05,89,75,1.54,IN,1695762240
266,kavali,14.9167,79.9833,29.38,70,85,2.5,IN,1695762351
267,mitu,1.1983,-70.1733,29.28,67,97,0.27,CO,1695762351
268,beyneu,45.3167,55.2,19.48,44,0,2.69,KZ,1695762352
269,nabire,-3.3667,135.4833,23.85,93,100,1.12,ID,1695762352
270,valladolid,41.5833,-4.6667,20.16,59,51,1.64,ES,1695762352
271,verkhotur'ye,58.8627,60.8054,8.91,79,100,1.91,RU,1695762352
272,nguigmi,14.2495,13.1092,32.15,35,5,2.32,NE,1695762353
273,recreo,-29.2818,-65.061,20.08,42,100,5.4,AR,1695762353
274,agat village,13.3886,144.6585,27.52,93,100,3.09,GU,1695762353
275,at taj,24.2049,23.2857,27.71,16,0,3.2,LY,1695762353
276,bontang,0.1333,117.5,23.75,87,45,2.54,ID,1695762353
277,ribeira grande,38.5167,-28.7,22.22,88,40,5.14,PT,1695762239
278,kapa'a,22.0752,-159.319,28.99,67,18,3.58,US,1695762215
279,beloyarskiy,63.7119,66.6722,5.0,79,99,2.24,RU,1695762354
280,bilibino,68.0546,166.4372,-2.54,80,100,2.02,RU,1695762211
281,talodi,10.6325,30.3797,23.96,70,32,0.44,SD,1695762356
282,afaahiti,-17.75,-149.2833,26.93,87,89,7.13,PF,1695762221
283,ergani,38.2653,39.7621,23.66,24,97,1.29,TR,1695762356
284,moussoro,13.6408,16.4901,33.39,27,4,3.31,TD,1695762356
285,wotho,10.1657,166.0102,28.73,78,94,6.64,MH,1695762356
286,qamdo,31.1667,97.2333,2.08,79,59,1.22,CN,1695762323
287,kaifeng,34.7911,114.3483,16.86,93,37,2.25,CN,1695762357
288,kerikeri,-35.2268,173.9474,12.73,85,45,0.45,NZ,1695762357
289,la passe,45.5549,-0.8967,19.13,88,16,2.95,FR,1695762232
290,mudanjiang,44.5833,129.6,12.16,90,14,1.47,CN,1695762357
291,isangel,-19.55,169.2667,20.06,64,57,2.06,VU,1695762358
292,kasempa,-13.4584,25.8338,25.33,41,98,1.83,ZM,1695762358
293,pisco,-13.7,-76.2167,21.03,68,0,7.2,PE,1695762358
294,idri,27.5,13.2667,25.23,22,0,3.06,LY,1695762358
295,konarka,19.9,86.1167,27.22,85,99,3.15,IN,1695762359
296,hastings,50.8552,0.5729,17.51,44,50,3.88,GB,1695762359
297,wailua homesteads,22.0669,-159.378,28.44,66,0,7.72,US,1695762359
298,sharm el-sheikh,27.8518,34.305,33.08,25,0,5.14,EG,1695762360
299,nafplio,37.5683,22.8053,20.08,82,82,2.51,GR,1695762360
300,santiago de cao,-7.9589,-79.2392,21.07,78,0,5.66,PE,1695762360
301,kalevala,65.2,31.1667,11.94,92,94,4.69,RU,1695762360
302,novozavedennoye,44.2628,43.6381,15.61,69,8,3.7,RU,1695762361
303,tucuma,-0.1833,-50.05,29.16,70,4,5.55,BR,1695762361
304,new norfolk,-42.7826,147.0587,6.51,89,41,1.35,AU,1695762362
305,sandnessjoen,66.0217,12.6316,14.12,67,0,2.57,NO,1695762362
306,al jawf,29.5,38.75,27.1,17,0,2.81,SA,1695762362
307,enewetak,11.3474,162.3373,28.7,77,100,6.04,MH,1695762363
308,bolong,7.0983,122.2392,26.0,79,59,0.95,PH,1695762363
309,nova sintra,14.8667,-24.7167,24.01,81,91,6.33,CV,1695762363
310,orsa,54.5153,30.4053,11.77,67,57,2.24,BY,1695762364
311,altai,46.3722,96.2583,1.69,70,34,3.0,MN,1695762368
312,sabzevar,36.2126,57.6819,17.83,27,9,2.74,IR,1695762369
313,margate,51.3813,1.3862,16.5,87,29,0.45,GB,1695762212
314,kurumkan,54.3,110.3,8.0,81,34,1.24,RU,1695762370
315,warah,27.4481,67.7978,30.75,34,0,2.81,PK,1695762370
316,viedma,-40.8135,-62.9967,14.95,30,0,3.47,AR,1695762242
317,chimore,-16.9833,-65.1333,41.07,21,13,3.17,BO,1695762376
318,ouadda,8.0777,22.4007,21.21,94,68,1.6,CF,1695762377
319,permet,40.2336,20.3517,20.25,58,100,1.97,AL,1695762377
320,ciudad del carmen,18.6333,-91.8333,31.02,66,20,3.6,MX,1695762377
321,corumba,-19.0092,-57.6533,38.84,34,9,7.72,BR,1695762377
322,beatrice,40.2681,-96.747,27.32,41,0,3.09,US,1695762378
323,naze,28.3667,129.4833,24.51,82,6,4.62,JP,1695762378
324,usinsk,65.9939,57.5281,9.02,97,100,6.46,RU,1695762378
325,ojinaga,29.5667,-104.4167,35.53,34,75,4.12,MX,1695762378
326,barclayville,4.6797,-8.2339,24.85,90,35,2.06,LR,1695762378
327,camayenne,9.535,-13.6878,30.05,70,40,1.03,GN,1695762379
328,san clemente,33.427,-117.612,33.25,77,2,2.68,US,1695762214
329,alofi,-19.0595,-169.9187,24.94,73,40,5.14,NU,1695762238
330,eagle point,42.4726,-122.8028,21.22,56,75,3.09,US,1695762379
331,arraial do cabo,-22.9661,-42.0278,23.98,94,40,7.72,BR,1695762140
332,sainte-anne-des-monts,49.124,-66.4924,13.93,77,1,6.69,CA,1695762380
333,kalix,65.853,23.1565,11.25,83,33,5.58,SE,1695762380
334,labasa,-16.4167,179.3833,28.19,74,45,1.65,FJ,1695762380
335,acarau,-2.8856,-40.12,26.8,73,1,9.16,BR,1695762380
336,codrington,-38.2667,141.9667,9.02,76,36,4.03,AU,1695762380
337,kargopol',61.5071,38.9456,11.13,82,100,3.21,RU,1695762380
338,kolyvan',55.3053,82.7391,1.79,88,0,3.08,RU,1695762381
339,tofol,5.3248,163.0078,28.12,74,100,2.85,FM,1695762381
340,jefferson city,38.5767,-92.1735,31.95,33,0,1.54,US,1695762198
341,kingston,17.997,-76.7936,32.53,76,20,5.66,JM,1695761873
342,santa cruz,-17.8,-63.1667,35.7,41,20,11.32,BO,1695761889
343,iowa park,33.9515,-98.6687,34.97,24,0,3.09,US,1695762381
344,xudat,41.631,48.681,17.86,62,53,1.49,AZ,1695762382
345,axim,4.8699,-2.2405,24.99,90,1,2.68,GH,1695762382
346,malango,-2.9627,119.9001,17.3,82,89,1.07,ID,1695762382
347,conde,-7.2597,-34.9075,25.7,78,40,4.12,BR,1695762278
348,zagora,30.3484,-5.8365,32.07,12,0,5.71,MA,1695762382
349,fort bragg,35.139,-79.006,24.39,74,100,5.66,US,1695762383
350,guerrero negro,27.9769,-114.0611,23.97,64,0,9.17,MX,1695762235
351,talca,-35.4333,-71.6667,13.55,69,0,6.34,CL,1695762295
352,la cruz,23.9167,-106.9,33.28,65,5,4.47,MX,1695762383
353,markovo,57.3206,107.0881,5.57,96,10,2.04,RU,1695762383
354,vytegra,61.0064,36.4481,10.57,85,100,3.81,RU,1695762384
355,arica,-18.475,-70.3042,21.75,73,75,7.72,CL,1695762152
356,lajere,11.9797,11.4443,30.09,43,61,3.22,NG,1695762384
357,sept-iles,50.2001,-66.3821,20.0,62,75,4.12,CA,1695762384
358,zaozersk,69.4005,32.4476,9.41,91,98,6.59,RU,1695762384
359,awjilah,29.1081,21.2869,23.55,45,0,5.1,LY,1695762385
360,whakatane,-37.9585,176.9854,14.17,74,44,1.79,NZ,1695762385
361,belyy yar,53.6039,91.3903,4.94,87,75,0.0,RU,1695762385
362,itoman,26.1247,127.6694,27.01,89,5,3.09,JP,1695762385
363,uliastay,47.7417,96.8444,2.01,44,100,2.4,MN,1695762386
364,kundiawa,-6.0167,144.9667,17.62,97,100,0.48,PG,1695762386
365,taulaga,-11.0553,-171.0883,27.73,79,81,9.87,AS,1695762386
366,shingu,33.7333,135.9833,21.89,88,5,1.86,JP,1695762386
367,katsuura,35.1333,140.3,23.29,89,12,1.49,JP,1695762387
368,taroa,8.7058,171.2275,28.58,80,100,6.95,MH,1695762387
369,dongning,44.0622,131.1207,12.52,92,0,1.08,CN,1695762387
370,kill devil hills,36.0307,-75.676,23.0,83,100,5.66,US,1695762387
371,ulanhot,46.0833,122.0833,10.59,33,66,2.77,CN,1695762347
372,taltal,-25.4,-70.4833,17.6,66,19,1.55,CL,1695762388
373,ostashkov,57.1467,33.1075,8.88,81,99,1.56,RU,1695762388
374,remire-montjoly,4.9167,-52.2667,29.02,79,0,1.54,GF,1695762388
375,hassi messaoud,31.6804,6.0729,28.92,32,0,3.6,DZ,1695762389
376,petrolina,-9.3986,-40.5008,36.03,26,20,3.09,BR,1695762248
377,shibirghan,36.6676,65.7529,18.33,23,4,2.2,AF,1695762265
378,los angeles,34.0522,-118.2437,35.32,50,0,3.09,US,1695762045
379,magadan,59.5667,150.8,4.43,69,69,3.14,RU,1695762389
380,nar'yan-mar,67.6713,53.087,9.56,95,100,5.86,RU,1695762224
381,hirara,24.8,125.2833,27.92,89,75,4.63,JP,1695762390
382,pachino,36.7186,15.0907,21.88,71,32,9.78,IT,1695762390
383,udachny,66.4167,112.4,1.36,92,100,4.5,RU,1695762230
384,nouadhibou,20.931,-17.0347,23.99,69,100,6.17,MR,1695762391
385,mahina,-17.5065,-149.489,27.87,69,40,7.72,PF,1695762391
386,pasuquin,18.3328,120.6177,25.97,94,75,1.03,PH,1695762235
387,al mijlad,11.0333,27.7333,25.05,77,100,7.24,SD,1695762391
388,funafuti,-8.5243,179.1942,29.0,94,75,1.03,TV,1695762391
389,vaxjo,56.8777,14.8091,13.03,97,0,2.06,SE,1695762391
390,meadow lake,34.8014,-106.5436,30.6,25,1,3.21,US,1695762392
391,puerto carreno,6.189,-67.4859,34.99,52,40,2.06,CO,1695762293
392,tabou,4.423,-7.3528,25.02,90,17,2.52,CI,1695762392
393,san patricio,28.017,-97.5169,35.1,37,32,1.78,US,1695762392
394,merizo village,13.2658,144.6691,27.31,95,100,4.45,GU,1695762392
395,melfort,52.8667,-104.6177,26.06,28,85,9.56,CA,1695762104
396,northport,33.229,-87.5772,31.9,43,0,2.06,US,1695762179
397,siyabuswa,-25.1132,29.0445,18.05,25,0,1.52,ZA,1695762393
398,ghadamis,30.1337,9.5007,25.42,39,0,6.02,LY,1695762393
399,hobyo,5.3505,48.5268,25.78,86,43,10.79,SO,1695762393
400,challapata,-18.9,-66.7667,18.49,16,1,2.88,BO,1695762393
401,vilyuysk,63.7553,121.6247,2.79,83,93,2.21,RU,1695762394
402,baturaja,-4.1333,104.1667,22.12,80,34,1.11,ID,1695762394
403,sandpoint,48.2766,-116.5533,16.46,70,100,1.54,US,1695762394
404,hadibu,12.65,54.0333,26.56,83,58,3.73,YE,1695762394
405,ivdel',60.6911,60.4206,9.75,89,100,2.38,RU,1695762394
406,khandyga,62.6667,135.6,0.06,90,18,1.32,RU,1695762395
407,turpan,42.9333,89.1667,17.64,33,6,1.06,CN,1695762216
408,mhamid,29.82,-5.72,33.35,12,0,4.36,MA,1695762395
409,selfoss,63.9331,-20.9971,10.02,78,100,10.33,IS,1695762228
410,buenaventura,3.8801,-77.0312,27.86,86,98,2.18,CO,1695762395
411,yarmouth,41.7057,-70.2286,15.26,82,20,9.83,US,1695762395
412,aleksandrovskoye,44.7142,43.0008,15.57,72,6,5.26,RU,1695762396
413,marat,25.0701,45.4615,29.96,12,24,2.35,SA,1695762396
414,fada,9.5667,8.3,20.33,91,100,6.06,NG,1695762396
415,sheregesh,52.9209,87.9869,-1.22,96,27,0.97,RU,1695762396
416,veinticinco de mayo,-35.4323,-60.1727,12.77,83,100,2.14,AR,1695762397
417,saint-pourcain-sur-sioule,46.3093,3.2879,15.99,70,56,0.91,FR,1695762397
418,bonthe,7.5264,-12.505,25.76,89,27,1.88,SL,1695762397
419,luderitz,-26.6481,15.1594,18.74,48,0,7.4,NA,1695762222
420,altay,47.8667,88.1167,-1.32,75,25,3.74,CN,1695762397
421,priargunsk,50.3691,119.1012,4.18,85,38,1.17,RU,1695762398
422,roha,18.4333,73.1167,25.04,95,100,1.12,IN,1695762398
423,castro,-24.7911,-50.0119,25.3,58,58,1.85,BR,1695762398
424,russkiy,43.0147,131.8642,10.92,90,25,1.08,RU,1695762398
425,yuzhno-kurilsk,44.0306,145.8556,15.49,92,58,1.78,RU,1695762398
426,shahba,32.8551,36.629,20.31,44,0,3.48,SY,1695762399
427,tupiza,-21.45,-65.7167,27.24,8,1,7.65,BO,1695762241
428,gadzhiyevo,69.2551,33.3362,9.36,91,97,5.89,RU,1695762399
429,mata-utu,-13.2816,-176.1745,27.31,81,97,7.28,WF,1695762399
430,rongelap,11.1635,166.8941,28.69,77,100,6.6,MH,1695762399
431,kuala sungai baru,2.3594,102.0353,26.02,81,35,3.1,MY,1695762399
432,kuta,-8.7233,115.1723,25.0,88,20,1.03,ID,1695762400
433,goulburn,-34.75,149.7167,12.1,95,28,1.34,AU,1695762400
434,bhamo,24.2667,97.2333,24.79,86,31,0.38,MM,1695762400
435,benjamin constant,-4.3831,-70.0311,35.07,69,40,6.17,BR,1695762400
436,andergrove,-21.0833,149.1833,17.03,66,9,3.08,AU,1695762400
437,burang,30.25,81.1667,3.98,66,3,1.75,CN,1695762400
438,thinadhoo,0.5333,72.9333,28.11,75,26,6.08,MV,1695762401
439,seoni malwa,22.45,77.4667,24.13,87,88,0.41,IN,1695762401
440,auki,-8.7676,160.7034,26.38,79,97,2.9,SB,1695762227
441,haiku-pauwela,20.9219,-156.3051,27.8,58,45,7.62,US,1695762211
442,caykara,40.7548,40.2355,19.11,82,33,1.32,TR,1695762401
443,naantali,60.4674,22.0243,14.92,100,20,2.06,FI,1695762402
444,mount gambier,-37.8333,140.7667,7.02,83,13,1.93,AU,1695762271
445,floro,61.5996,5.0328,16.98,55,100,8.75,NO,1695762402
446,punta alta,-38.8759,-62.0736,17.82,47,45,6.31,AR,1695762402
447,petropavlovsk-kamchatsky,53.0452,158.6483,3.33,81,0,5.0,RU,1695762230
448,praya,14.9215,-23.5087,26.3,83,40,4.12,CV,1695762402
449,springfield,37.2153,-93.2982,30.54,47,0,4.47,US,1695762310
450,sungailiat,-1.85,106.1333,25.59,77,43,4.26,ID,1695762403
451,brookings,44.3114,-96.7984,19.1,78,100,5.14,US,1695762282
452,molochnoye,59.2917,39.6787,11.53,74,100,3.29,RU,1695762403
453,howard springs,-12.497,131.047,22.95,81,70,1.72,AU,1695762403
454,sidi akkacha,36.4647,1.3026,20.97,72,0,4.3,DZ,1695762403
455,baikonur,45.6167,63.3167,18.56,38,0,4.36,KZ,1695762403
456,polevskoy,56.4422,60.1878,5.5,93,34,1.82,RU,1695762404
457,jinxiang,27.4327,120.6062,23.03,94,0,1.27,CN,1695762032
458,midar,34.9403,-3.5331,21.63,68,0,1.54,MA,1695762404
459,san julian,21.0167,-102.1667,29.13,19,7,6.87,MX,1695762404
460,santiago,-33.4569,-70.6483,17.88,41,0,3.09,CL,1695761743
461,heber city,40.5069,-111.4132,27.69,16,0,6.17,US,1695762405
462,cruz del eje,-30.7264,-64.8039,17.83,30,78,9.57,AR,1695762405
463,gamay,12.3854,125.2979,24.78,92,21,2.44,PH,1695762405
464,port saint john's,-31.6229,29.5448,16.61,60,64,9.46,ZA,1695762405
465,ashland,40.8167,-82.2665,18.98,54,97,3.93,US,1695762081
466,fort frances,48.5999,-93.4003,21.76,57,0,3.6,CA,1695762159
467,copiapo,-27.3667,-70.3333,23.06,30,1,2.81,CL,1695762406
468,zambezi,-13.5432,23.1047,24.02,51,87,2.47,ZM,1695762159
469,martuk,50.7475,56.5056,15.38,67,4,3.05,KZ,1695762406
470,kuragino,53.8975,92.6725,1.82,92,64,0.77,RU,1695762407
471,berezovo,63.9381,65.0419,4.98,84,100,2.68,RU,1695762407
472,south benfleet,51.553,0.5596,17.97,83,42,2.24,GB,1695762407
473,saguenay,48.4168,-71.0657,17.46,61,40,3.09,CA,1695762319
474,charlottetown,46.2352,-63.1267,14.29,73,20,5.14,CA,1695761726
475,celestun,20.8667,-90.4,29.0,70,49,4.45,MX,1695762408
476,mount isa,-20.7333,139.5,14.87,44,4,1.54,AU,1695762057
477,mogocha,53.7333,119.7667,7.59,89,100,4.49,RU,1695762408
478,kopong,-24.4833,25.8833,17.5,38,3,6.23,BW,1695762408
479,mafra,-26.1114,-49.8053,22.78,80,65,1.0,BR,1695762404
480,novyy urengoy,66.0833,76.6333,1.71,87,56,4.35,RU,1695762409
481,santa fe,-31.6333,-60.7,14.22,60,83,5.59,AR,1695762409
482,bubaque,11.2833,-15.8333,28.23,78,50,3.82,GW,1695762409
483,mil'kovo,55.6078,37.7956,12.81,71,99,1.76,RU,1695762409
484,lebyazh'ye,55.2689,66.4947,9.77,73,65,3.39,RU,1695762409
485,ha'il,27.5219,41.6907,26.8,15,42,2.66,SA,1695762410
486,nyurba,63.2842,118.3319,2.67,79,92,2.12,RU,1695762410
487,darovskoy,58.77,47.9564,8.97,86,100,2.22,RU,1695762410
488,shakhtersk,48.0625,38.5167,18.12,46,3,3.06,UA,1695762410
489,coronel dorrego,-38.7187,-61.2873,15.1,52,48,5.37,AR,1695762410
490,lianzhou,24.7811,112.3825,23.28,97,40,1.15,CN,1695762411
491,puerto san jose,13.9256,-90.8244,30.29,68,15,3.39,GT,1695762411
492,sabang,5.8933,95.3214,27.55,79,100,9.99,ID,1695762411
493,nola,40.922,14.5329,23.13,81,0,2.07,IT,1695762411
494,wailea,19.8858,-155.123,28.21,79,100,6.17,US,1695762412
495,san isidro,-12.1167,-77.05,19.77,73,100,3.6,PE,1695762412
496,puerto baquerizo moreno,-0.9,-89.6,27.55,69,40,7.2,EC,1695762169
497,ketchikan,55.3422,-131.6461,14.99,94,100,9.26,US,1695762412
498,non thai,15.1981,102.0358,26.13,86,100,2.36,TH,1695762412
499,atherton,53.5237,-2.4935,15.16,75,98,0.89,GB,1695762412
500,juan griego,11.0817,-63.9655,29.91,70,52,5.11,VE,1695762413
501,tara,56.8944,74.371,11.01,86,100,2.67,RU,1695762413
502,sittwe,20.15,92.9,27.07,89,95,2.0,MM,1695762413
503,gamba,-2.65,10.0,24.43,88,100,3.69,GA,1695762413
504,malanje,-9.5402,16.341,21.77,72,18,3.67,AO,1695762414
505,cristalina,-16.7686,-47.6136,28.07,35,89,2.68,BR,1695762414
506,fedorovka,53.6314,62.7078,10.31,77,10,3.48,KZ,1695762414
507,changling,44.2653,124.0005,17.78,78,68,1.34,CN,1695762414
508,hell-ville,-13.4,48.2667,25.73,69,12,2.11,MG,1695762414
509,osorio,-29.8867,-50.2697,18.7,99,100,2.08,BR,1695762415
510,salekhard,66.53,66.6019,6.23,85,100,0.55,RU,1695762225
511,saint-philippe,-21.3585,55.7679,19.77,80,19,4.75,RE,1695762415
512,sisimiut,66.9395,-53.6735,1.74,70,100,6.7,GL,1695762415
513,kalmunai,7.4167,81.8167,26.7,77,100,2.27,LK,1695762415
514,nema,57.5067,50.5011,8.45,89,100,2.3,RU,1695762416
515,boaco,12.4722,-85.6586,30.24,65,96,3.19,NI,1695762416
516,veraval,20.9,70.3667,26.51,80,100,3.85,IN,1695762416
517,eyl,7.9803,49.8164,25.92,80,99,8.97,SO,1695762161
518,guiuan,11.0333,125.7247,27.37,80,12,4.97,PH,1695762416
519,humberto de campos,-2.5983,-43.4611,26.99,70,13,3.89,BR,1695762416
520,malindi,-3.2175,40.1191,24.99,83,65,6.18,KE,1695762417
521,rimouski,48.4488,-68.524,16.1,70,0,2.09,CA,1695762269
522,fandrandava,-21.5208,47.2453,13.97,87,100,1.72,MG,1695762417
523,venado tuerto,-33.7456,-61.9688,16.8,45,29,3.93,AR,1695762417
524,richards bay,-28.783,32.0377,19.5,61,0,8.61,ZA,1695762417
525,bougouni,11.417,-7.479,25.54,76,99,1.89,ML,1695762417
526,vada,51.97,5.6667,17.14,86,100,0.51,NL,1695762418
527,cururupu,-1.8283,-44.8683,26.69,71,15,2.44,BR,1695762418
528,kodinsk,58.6881,99.1844,2.41,81,0,0.72,RU,1695762418
529,samoylovka,51.184,43.7081,15.06,67,7,3.16,RU,1695762418
530,juventino rosas,20.65,-101.0,28.71,19,15,5.96,MX,1695762398
531,issia,6.4922,-6.5856,23.12,98,39,1.32,CI,1695762419
532,berezovyy,51.6667,135.7,9.72,95,91,0.27,RU,1695762419
533,zyryanskoye,56.8306,86.6258,2.51,84,0,2.74,RU,1695762419
534,chita,52.0333,113.55,7.94,70,40,3.0,RU,1695762419
535,chinde,26.8418,88.0763,17.67,86,33,1.96,NP,1695762420
536,aur,8.1499,171.1687,28.88,80,100,7.36,MH,1695762420
537,nuuk,64.1835,-51.7216,4.34,56,40,4.12,GL,1695762352
538,shiraz,29.6036,52.5388,24.69,33,20,0.0,IR,1695762420
539,tarko-sale,64.9225,77.785,2.22,85,12,4.02,RU,1695762420
540,rakvere,59.3464,26.3558,10.47,80,91,2.68,EE,1695762420
541,rada tilly,-45.9333,-67.5333,15.27,29,0,10.29,AR,1695762421
542,fort stockton,30.894,-102.8793,33.03,35,40,4.63,US,1695762421
543,puerto deseado,-47.7503,-65.8938,14.35,33,85,7.38,AR,1695762421
544,usogorsk,63.4106,48.6872,10.93,91,98,4.52,RU,1695762422
545,maintirano,-18.0667,44.0167,24.86,68,0,1.62,MG,1695762422
546,tulum,20.2167,-87.4667,26.76,88,100,1.73,MX,1695762238
547,lepsy,46.235,78.9456,14.04,57,78,5.42,KZ,1695762422
548,marsa alam,25.0757,34.8918,30.96,44,2,4.37,EG,1695762423
549,dongkan,33.9997,119.8308,18.86,96,24,2.17,CN,1695762424
550,jorpeland,59.0225,6.0408,16.9,87,100,5.93,NO,1695762424
551,vilhena,-12.7406,-60.1458,35.27,26,85,2.72,BR,1695762424
552,ducheng,23.2373,111.5317,25.21,87,58,0.78,CN,1695762425
553,tres lagoas,-20.7511,-51.6783,35.4,30,75,0.42,BR,1695762244
554,touros,-5.1989,-35.4608,25.78,76,25,6.34,BR,1695762425
555,krasnyy kholm,58.0607,37.1203,8.19,86,83,2.7,RU,1695762425
556,santiago de cuba,20.0247,-75.8219,31.06,79,75,3.09,CU,1695762425
557,kaiapoi,-43.3783,172.6401,7.82,82,100,6.69,NZ,1695762426
558,rio gallegos,-51.6226,-69.2181,11.03,43,0,3.6,AR,1695762426
559,pustoshka,56.3355,29.369,11.13,73,84,1.82,RU,1695762426
560,nanzhou,29.3596,112.4024,21.05,85,85,1.61,CN,1695762426
561,mabaruma,8.2,-59.7833,29.55,70,40,2.33,GY,1695762426
562,gainesville,29.6516,-82.3248,26.53,69,100,6.69,US,1695762427
563,del rio,29.3627,-100.8968,37.06,42,20,8.23,US,1695762427
564,baruun-urt,46.6806,113.2792,4.31,51,32,7.48,MN,1695762427
565,vernon,50.2581,-119.2691,18.67,36,17,2.93,CA,1695762427
566,nicoya,10.1483,-85.452,30.33,72,64,1.94,CR,1695762427
567,phan rang-thap cham,11.5667,108.9833,25.05,86,100,2.89,VN,1695762428
568,yermentau,51.6214,73.1069,14.91,65,78,2.58,KZ,1695762428
569,lodja,-3.4833,23.4333,21.93,87,41,0.35,CD,1695762428
570,filadelfia,39.9523,-75.1638,15.94,92,100,5.14,US,1695762310
571,inhambane,-23.865,35.3833,23.16,94,78,2.18,MZ,1695762429
572,tanah merah,5.8,102.15,23.24,97,71,1.15,MY,1695762429
573,tazovsky,67.4667,78.7,1.57,73,52,7.51,RU,1695762430
574,kuching,1.55,110.3333,27.79,94,40,0.0,MY,1695762430
575,ujae,8.9322,165.7642,28.58,77,100,6.03,MH,1695762430
576,sungai penuh,-2.0833,101.3833,17.14,87,94,0.72,ID,1695762430
577,kilju,40.9642,129.3278,14.9,89,0,1.23,KP,1695762431
578,barcelos,41.5388,-8.6151,19.4,81,83,0.88,PT,1695762431
579,kochubey,44.3861,46.5825,17.65,71,6,4.56,RU,1695762431
580,sindangan,8.2376,122.9974,24.75,85,10,1.52,PH,1695762431
581,kavieng,-2.5744,150.7967,27.45,80,37,6.28,PG,1695762431
582,olinda,-8.0089,-34.8553,26.85,69,0,3.6,BR,1695762180
583,ugoofaaru,5.6667,73.0,27.75,76,100,5.67,MV,1695762432
584,huilong,31.8111,121.655,24.4,85,100,1.18,CN,1695762432
585,koson,39.0375,65.585,16.18,30,0,1.59,UZ,1695762432
586,pierre,44.3683,-100.351,18.51,72,100,3.6,US,1695762432
587,valdez,1.2492,-78.9831,27.67,78,89,4.85,EC,1695762433
588,pandan,14.0453,124.1694,26.27,85,24,2.25,PH,1695762433
589,bykhaw,53.5193,30.2469,11.86,66,24,1.81,BY,1695762433
590,rouissat,31.9243,5.3502,26.86,25,0,7.28,DZ,1695762433
